Emotion Macro F1,Emotion Micro F1,Emotion Accuracy
0.35356085927180564,0.4083769633507853,0.4083769633507853
