Emotion Macro F1,Emotion Micro F1,Emotion Accuracy
0.4476240807216771,0.4957118353344768,0.4957118353344768
